statecode,longitude,latitude
OK,-95.221168,36.565892
WI,-90.502075,44.019195
AZ,-112.729639,32.94488
AZ,-112.729639,32.94488
AR,-94.407328,35.305314
NJ,-75.070481,40.897443
VA,0.0,0.0
TX,-97.627527,30.774769
AL,-85.483777,34.16485
IN,-85.836451,38.957771
IA,-95.883373,41.232733
ND,-98.681017,46.892509
CO,-107.890912,38.49132
DE,-75.556293,38.560101
DE,0.0,0.0
FL,-82.51072,27.552979
CO,-104.810495,39.740439
GA,0.0,0.0
MI,-83.876605,43.379266
MI,-83.876605,43.379266
MI,-83.876605,43.379266
MI,-83.876605,43.379266
MI,-83.876605,43.379266
MI,-83.876605,43.379266
AZ,-110.154355,34.916339
AZ,-98.37867,29.436266
KY,-87.563724,37.883672
IL,0.0,0.0
IL,0.0,0.0
IL,0.0,0.0
IL,-90.018042,41.410833
IL,-90.018042,41.410833
IL,-90.018042,41.410833
IN,-85.568664,40.113924
IN,0.0,0.0
NE,-98.720558,40.721513
FL,-81.983883,30.283962
FL,-81.983883,30.283962
LA,0.0,0.0
IN,0.0,0.0
IN,-87.294584,41.288279
TX,0.0,0.0
IA,-102.949307,41.118558
WY,0.0,0.0
IA,-93.392664,42.746245
IA,-93.353,43.13301
IA,0.0,0.0
AR,-90.175794,35.16494
CO,-103.260844,40.500707
KS,-97.613865,38.879141
IN,0.0,0.0
IN,0.0,0.0
OH,0.0,0.0
MS,-88.759291,30.451092
KS,0.0,0.0
KY,-84.330167,37.380777
FL,-82.191606,29.267799
FL,-82.191606,29.267799
LA,-91.259436,30.354298
IN,-87.395574,41.144474
LA,-92.193204,30.242911
LA,-90.057508,29.982686
KS,0.0,0.0
AR,-90.263199,35.149232
MD,0.0,0.0
MT,0.0,0.0
MI,-86.568882,41.940472
KS,-99.976788,37.744122
MI,0.0,0.0
MI,0.0,0.0
MI,0.0,0.0
MI,0.0,0.0
MI,0.0,0.0
IN,-87.40701,38.955349
IN,-85.958099,39.296125
KS,-95.135161,39.019971
KS,-95.535774,37.266782
KS,-96.579511,38.095391
MA,-72.608271,42.129177
KS,-94.669547,39.144174
NE,-102.949307,41.118558
UT,0.0,0.0
FL,-81.498116,30.084552
IN,0.0,0.0
NY,-74.186091,42.948168
NY,-74.186091,42.948168
NY,-74.186091,42.948168
NY,-74.186091,42.948168
FL,-82.341351,29.615134
NY,0.0,0.0
NY,0.0,0.0
IN,-87.47548,41.574288
TX,-95.271824,31.966735
AZ,-114.624932,32.695229
OH,-82.923952,40.265998
OH,-81.906855,41.029703
OH,-82.535825,39.937772
OH,0.0,0.0
OK,-99.411519,35.411849
OK,-98.959506,35.51533
GA,0.0,0.0
NE,-102.897572,42.096228
VA,-77.465718,37.939278
IN,0.0,0.0
MO,-95.631547,40.55518
SC,-81.388577,33.871196
SC,-80.824165,33.558839
CO,-105.8568,37.4736
MS,-88.507069,32.418385
ND,0.0,0.0
OK,0.0,0.0
TX,0.0,0.0
MT,-109.744686,46.982709
TN,-84.036137,36.129733
TN,-85.948416,36.177235
TX,-104.819157,31.04009
TX,-104.819157,31.04009
OH,0.0,0.0
GA,-83.816439,34.262833
MS,-88.658648,33.591959
IN,-86.821793,41.43298
IL,-102.949307,41.118558
IL,-102.949307,41.118558
IL,-102.949307,41.118558
IL,-102.949307,41.118558
AR,-92.382501,34.884152
IN,0.0,0.0
AZ,-111.509194,32.721034
IN,0.0,0.0
IN,0.0,0.0
LA,-98.37867,29.436266
OR,0.0,0.0
WY,-110.977972,41.264331
WA,-119.788602,46.220621
WA,-119.788602,46.220621
AL,0.0,0.0
MO,-93.5686,38.98218
NE,-102.949307,41.118558
NH,0.0,0.0
NY,-74.221136,41.503427
OH,-80.94799,41.803943
AB,-116.422119,53.583992
AB,-116.422119,53.583992
AB,-116.422119,53.583992
AB,-116.422119,53.583992
AB,-116.422119,53.583992
AB,-116.422119,53.583992
OR,-123.058988,44.666573
TN,-82.445164,36.120874
TN,-84.149996,35.904872
AB,-113.765402,50.341558
AB,-113.765402,50.341558
AB,-113.765402,50.341558
AB,-113.765402,50.341558
AB,-113.765402,50.341558
AB,-113.765402,50.341558
TX,-98.37867,29.436266
NJ,0.0,0.0
SD,-97.046237,45.311198
NY,0.0,0.0
KS,-97.401045,37.664933
IA,-92.408231,40.943409
KY,-82.927845,38.728397
CO,-104.689006,40.385082
MO,0.0,0.0
WI,0.0,0.0
IL,-87.876765,42.308626
IL,-87.876765,42.308626
IL,-87.876765,42.308626
GA,0.0,0.0
AR,-99.61514,35.31495
AR,-99.61514,35.31495
AL,-86.789487,33.331286
AL,0.0,0.0
AR,-92.427556,35.096194
AZ,0.0,0.0
AZ,-114.236785,33.661632
AZ,-114.236785,33.661632
ID,-112.343122,43.222022
AZ,-114.624932,32.695229
DE,-75.538003,39.718695
DE,-75.538003,39.718695
FL,-82.637167,30.189539
FL,-82.63913,30.19191
FL,-82.64069,30.1735
FL,0.0,0.0
GA,0.0,0.0
GA,0.0,0.0
GA,-82.502329,33.511269
IA,0.0,0.0
IA,0.0,0.0
ID,-114.297033,42.574979
IL,0.0,0.0
IL,0.0,0.0
IL,0.0,0.0
IL,0.0,0.0
IL,-88.913136,38.14715
IL,-119.263645,39.614255
IL,-119.263645,39.614255
IL,-119.263645,39.614255
IL,-89.65292,39.590593
IN,-110.148456,38.996294
IN,-110.148456,38.996294
IN,-85.554763,39.840144
TX,-97.527099,30.175876
IN,0.0,0.0
IN,0.0,0.0
IN,-87.010405,41.44834
IN,-87.010405,41.44834
KS,-96.21569,38.423324
KY,-119.263645,39.614255
KY,-85.723724,37.82723
LA,-91.294275,30.74897
MA,-71.72413,42.516921
MD,-76.066468,39.59334
IL,-88.568209,39.121233
IL,-88.568209,39.121233
IL,-88.568209,39.121233
IL,-88.568209,39.121233
MI,-85.650958,42.376532
MI,-85.650958,42.376532
MI,0.0,0.0
MI,0.0,0.0
MN,-92.988931,43.666381
MN,-94.47208103723824,46.332717994228005
MO,-91.178814,39.332288
MO,-94.316141,37.49421
MO,-91.626127,39.686023
MO,-93.25122,38.67195
MO,-91.896589,36.795443
MS,-88.499077,34.91241
MS,0.0,0.0
MS,-89.566264,34.828295
NC,-79.313953,36.067417
NC,0.0,0.0
NC,-77.956359,34.252938
NC,0.0,0.0
NE,-98.318696,40.931882
NJ,-74.70104,40.154096
NJ,-74.301134,40.893222
NJ,-74.15689,41.096196
NJ,-75.037032,40.002793
NM,-107.899763,35.183304
IN,0.0,0.0
OH,-81.405739,40.75104
OH,0.0,0.0
OH,0.0,0.0
OH,0.0,0.0
OK,0.0,0.0
OK,0.0,0.0
IN,-87.451689,40.120451
PA,0.0,0.0
PA,-77.206717,39.897846
IN,0.0,0.0
PA,0.0,0.0
SC,-80.686881,34.19259
WY,-119.263645,39.614255
SC,-81.859049,35.151452
GA,0.0,0.0
SC,-79.758025,34.25337
SC,-82.032462,35.026873
SC,-81.220718,34.025657
SC,-81.926221,33.488076
SC,-82.109447,34.913925
TN,0.0,0.0
TN,-85.290762,35.018588
TN,-90.054194,35.170724
TX,-102.011289,35.187837
IN,-85.742573,39.529921
TX,-102.27388,33.19038
TX,-99.183314,28.668156
TX,-101.972824,35.847659
TX,-98.618351,27.883159
CO,-102.875492,39.292157
NY,-79.140128,42.554413
NY,-79.140128,42.554413
TN,0.0,0.0
IA,-93.639374,41.596055
MT,0.0,0.0
TX,-102.011134,35.189218
TX,-102.557715,32.353636
IN,-87.249244,41.58046
NM,-108.413314,35.468946
PA,0.0,0.0
NY,-76.13057,42.58804
NY,-76.13057,42.58804
MS,-88.851053,31.126746
WA,-122.18846,48.099483
MD,0.0,0.0
WV,0.0,0.0
AL,0.0,0.0
TX,0.0,0.0
CO,-104.906003,39.784878
SC,0.0,0.0
NM,0.0,0.0
TX,-98.615226,29.309589
WI,-87.945335,42.870852
TX,-100.552635,32.430471
IN,-86.312298,41.36063
IN,-87.508041,41.62863
IL,-87.778003,41.80596
IL,-87.778003,41.80596
TX,0.0,0.0
LA,-92.363907,32.521714
NY,-74.360242,42.948884
NY,-74.360242,42.948884
MO,-71.549291,41.68635
NC,-78.556876,35.339808
TX,-101.723205,35.194274
AL,0.0,0.0
TX,0.0,0.0
KS,-100.940142,37.053912
TX,0.0,0.0
TX,0.0,0.0
MI,-85.204627,43.42972
MI,-85.204627,43.42972
MI,-85.204627,43.42972
TX,0.0,0.0
TX,-102.011289,35.187837
TX,-100.80315,36.37469
FL,-80.901229,27.69919
FL,-80.901229,27.69919
MS,-89.250907,31.187014
TX,-94.3587,32.4889
TX,0.0,0.0
MI,-85.674833,42.825656
TX,0.0,0.0
WV,0.0,0.0
KY,0.0,0.0
AZ,-111.63643,35.19404
MI,0.0,0.0
MI,0.0,0.0
MI,-86.349728,41.805316
MI,-86.349728,41.805316
TX,-96.535326,32.646602
MN,0.0,0.0
TX,-100.994443,31.836301
TX,-102.073967,36.332044
TX,0.0,0.0
TX,-98.143803,28.487003
TX,0.0,0.0
TX,0.0,0.0
UT,-113.163114,37.600565
UT,-110.185162,38.995129
UT,-111.498391,40.734404
UT,-111.853511,38.935507
KS,-97.340155,37.275786
UT,0.0,0.0
VA,-79.866131,37.280543
VA,-82.087069,36.652184
VA,-80.696142,37.077165
VA,-80.740024,36.579837
VA,-80.740024,36.579837
VA,-77.071472,38.33963
VA,-81.85774,36.75943
VA,-78.188872,38.142599
VA,-76.639052,36.721866
VA,-78.438642,38.966521
VA,-81.058021,36.958032
VT,0.0,0.0
KY,0.0,0.0
WA,0.0,0.0
WA,0.0,0.0
WA,-122.9051,46.3923
WI,-99.177957,33.79218
WI,0.0,0.0
WI,-87.648335,45.08577
WI,0.0,0.0
WI,0.0,0.0
WV,-79.632675,39.655994
WV,-82.351405,38.412931
WV,0.0,0.0
WY,0.0,0.0
WY,0.0,0.0
WY,0.0,0.0
WY,0.0,0.0
WY,-104.07678,41.177614
WY,-107.939872,41.691933
TX,-98.635881,29.677175
TX,0.0,0.0
TX,0.0,0.0
TX,-102.996151,31.560315
UT,-111.858845,41.734596
UT,0.0,0.0
UT,0.0,0.0
WI,0.0,0.0
WY,-104.905616,41.002331
MD,-77.372951,39.659612
MN,-94.44699,43.65333
MN,-94.13048,45.464763
VA,-79.2347,37.9297
WV,0.0,0.0
OH,-82.553129,38.996498
OH,-81.306926,41.10865
AL,-87.598318,34.087923
AR,0.0,0.0
GA,-83.478379,33.560769
GA,-83.478379,33.560769
GA,0.0,0.0
IL,-88.20637,41.781755
IL,-88.20637,41.781755
MO,-90.451009,38.605865
OH,-83.46042,41.559083
TN,-86.64821,36.52964
FL,-81.718792,27.915748
PA,0.0,0.0
SC,-81.008505,34.856708
TN,-85.290762,35.018588
TN,0.0,0.0
VA,-76.323553,36.855426
VA,-81.058021,36.958032
WI,-87.82661,32.50298
TX,-96.33223657496274,32.969465693458915
OH,-84.290958,39.542409
WI,0.0,0.0
WY,-107.25992,41.785713
NJ,-75.479296,39.681281
OR,-122.803413,45.239367
WY,0.0,0.0
IL,-89.348495,38.391439
IL,-89.348495,38.391439
CO,0.0,0.0
WV,0.0,0.0
KS,-96.860158,39.841203
OK,0.0,0.0
CO,-102.62027,38.095707
IN,0.0,0.0
IN,0.0,0.0
ID,-116.580485,43.590418
VT,-72.088556,44.15984
ID,-111.805,42.0169
TN,-86.770012,36.156978
NY,0.0,0.0
WA,0.0,0.0
AZ,-112.783864,33.458379
AZ,-114.62425,32.71502
LA,-91.201234,32.387587
MO,0.0,0.0
CO,0.0,0.0
FL,0.0,0.0
FL,0.0,0.0
GA,0.0,0.0
AL,0.0,0.0
NV,-114.955526,41.100896
OH,-81.48138,40.491684
ID,-117.006012,46.42691
WY,-109.4785,41.53635
ND,0.0,0.0
TN,-83.440066,36.038488
ID,0.0,0.0
VA,-79.186603,37.230258
NM,-106.649289,35.107297
VA,-77.466309,37.937683
VA,-77.466309,37.937683
TX,0.0,0.0
PA,-76.727897,40.354117
ND,-99.889063,46.866366
FL,-81.836487,30.247514
KY,-84.625916,38.857848
NC,-80.895659,35.146682
ND,-98.710859,46.898111
OH,-83.467401,41.537809
LA,-91.98965,32.493317
SD,-101.52328,43.83756
AL,0.0,0.0
LA,0.0,0.0
FL,-82.96732,30.32655
PA,-78.233241,40.001635
MO,0.0,0.0
CO,-102.63064,38.116838
VA,-79.1198740247637,37.44737399742007
WI,-89.638053,45.129173
AL,0.0,0.0
NY,-73.451074,45.008805
GA,-84.06077,33.207243
CO,-108.56684,39.06404
OK,0.0,0.0
MO,-94.317048,36.875674
AL,0.0,0.0
OK,-96.075815,36.05199
OK,-96.075815,36.05199
OK,-97.436685,35.594066
AL,-87.152664,33.819788
TN,-85.502601,36.135798
IN,0.0,0.0
WA,-122.216525,47.479439
IN,-87.249244,41.58046
TN,0.0,0.0
SD,0.0,0.0
MN,-95.574601,46.581487
FL,-81.82397,28.18251
KY,-87.454956,36.702929
AR,0.0,0.0
AR,0.0,0.0
FL,-80.136259,26.235371
PA,-76.727897,40.354117
SC,-80.142278,33.03878
SC,-80.142278,33.03878
TX,-98.139949,27.225753
AR,0.0,0.0
WY,0.0,0.0
PA,-76.788099,41.020208
MO,0.0,0.0
WY,-104.661013,41.15825
AR,0.0,0.0
NY,-76.128736,43.310576
NH,-70.818453,43.04278
MS,-88.637829,32.38323
OK,-97.428841,35.593936
CO,0.0,0.0
SC,-80.994609,34.512346
LA,-92.652685,31.955859
GA,0.0,0.0
WV,-80.387792,39.103608
WA,-122.31454,47.304795
TX,-97.96658900566399,29.5988239813596
IN,-84.836208,42.560398
IN,-87.122967,40.766561
IN,-87.122967,40.766561
TX,-97.680655,30.649697
FL,0.0,0.0
IA,-94.23539,43.083682
ID,-116.301584,43.597409
GA,-81.096297,32.096475
GA,-81.096297,32.096475
NC,-80.561166,35.497848
VT,-72.492437,43.302428
GA,0.0,0.0
GA,-84.819027,34.206522
TX,-93.820056,30.116198
TX,0.0,0.0
OH,-84.152992,40.395637
IA,-94.862747,42.064162
TX,-101.7528,35.192479
TX,-97.952011,29.601786
MN,-93.029057,44.877047
WY,-107.084078,41.773439
NV,-118.479405,40.172171
TX,0.0,0.0
WY,-110.184455,41.392008
UT,-112.82727,37.84206
MO,-94.829546,39.776814
IL,-88.259484,39.791178
IN,0.0,0.0
IN,0.0,0.0
OH,-83.508404,41.724043
IN,-87.126249,39.449205
OH,0.0,0.0
PA,-77.9353,41.0281
TX,-98.07785,27.726404
MI,-82.820414,42.67436
MI,-82.820414,42.67436
NC,-80.895659,35.146682
IN,-85.437789,40.722105
NY,0.0,0.0
MN,-93.348131,43.685517
SD,-99.276804,43.75804
PA,-75.9142,41.552
PA,0.0,0.0
NY,-73.755518,42.63478
AR,0.0,0.0
MT,-111.873255,48.513645
AR,-91.28026,35.65218
VA,-77.553854,36.664569
CO,0.0,0.0
CO,0.0,0.0
CO,0.0,0.0
CO,-105.109331,39.634651
MN,-101.622948,43.835975
CO,-104.820428,39.021515
OK,-97.329601,36.275626
DE,-75.586305,38.801988
DE,-75.586305,38.801988
MT,0.0,0.0
FL,-82.474854,27.493179
NJ,-74.00404,40.845921
FL,-80.433358,26.062673
FL,0.0,0.0
TN,0.0,0.0
MO,-92.42744,39.442738
FL,0.0,0.0
FL,0.0,0.0
MI,-85.785191,42.223078
MI,-85.785191,42.223078
TX,-96.55035087838769,32.86018038634211
OK,-97.436682,35.594099
OK,-99.372382,35.423008
FL,-82.121814,30.256
IN,-87.318524,41.56743
AR,-92.665329,33.226793
WI,0.0,0.0
SC,-82.5994,34.6298
AR,-93.092783,35.280653
AR,-93.092783,35.280653
VA,-79.878168,37.045065
MS,-89.340347,31.350421
FL,-80.145921,25.772155
FL,-80.480685,25.760331
OK,-96.373332,33.997763
OK,0.0,0.0
GA,-84.297218,33.85452
GA,-82.85025,31.46694
TX,-98.37867,29.436266
GA,0.0,0.0
GA,-84.362309,46.470648
AZ,-114.069189,35.189995
MN,-94.916693,47.496684
ID,-116.996834,47.71131
GA,0.0,0.0
GA,-84.946624,34.576835
TX,-97.044999,32.678213
KS,0.0,0.0
GA,-85.54144,34.77058
GA,-85.54144,34.77058
NV,-111.837267,39.68592
IN,0.0,0.0
TN,-87.035227,36.395696
NY,-78.407836,43.004319
NY,-78.407836,43.004319
NY,-78.407836,43.004319
NY,-78.407836,43.004319
OK,-97.688507,35.457897
LA,-93.737695,32.512892
KY,-111.145473,40.794102
GA,-84.339573,33.66813
PA,-76.014402,39.977743
IA,0.0,0.0
ND,-102.738956,46.885759
AL,-86.353646,32.264049
IA,0.0,0.0
IL,-88.001132,40.751103
IL,-88.001132,40.751103
IL,-88.001132,40.751103
IL,-88.001132,40.751103
IA,-90.783241,42.441295
TX,0.0,0.0
IA,-84.21434,33.71134
GA,-81.324312,31.907209
MO,-93.570067,37.188088
GA,0.0,0.0
IA,0.0,0.0
IA,-95.977061,41.611571
MO,-89.5293,36.8932
NM,-106.065207,35.009616
MO,-94.012601,40.265164
IA,0.0,0.0
IA,-92.58151402696967,42.0575359929353
IA,0.0,0.0
TN,-82.831962,36.320507
NC,0.0,0.0
MN,0.0,0.0
TX,-102.011289,35.187837
SD,-96.763332,43.978609
IA,-92.338157,42.542637
IA,-95.601917,41.451832
KY,-84.830391,38.739634
TX,-95.406024,32.500131
ID,-116.189334,43.572023
ID,-116.189334,43.572023
ID,-116.298082,48.731359
ID,0.0,0.0
WA,-120.318303,47.484263
WA,-120.318303,47.484263
WA,-120.318303,47.484263
AL,0.0,0.0
VA,-76.186289,36.883383
TN,0.0,0.0
UT,-112.646191,38.251369
IL,0.0,0.0
IL,0.0,0.0
IL,0.0,0.0
IL,0.0,0.0
IL,0.0,0.0
IL,0.0,0.0
NY,-78.993768,42.632707
NY,-78.993768,42.632707
IL,-88.690493,37.163342
IL,-89.63042,40.78917
MN,0.0,0.0
VA,-77.552855,36.70452
LA,-93.947623,32.445485
FL,0.0,0.0
FL,0.0,0.0
VA,-79.37538,37.829752
VA,0.0,0.0
IL,0.0,0.0
IL,0.0,0.0
IL,0.0,0.0
IL,0.0,0.0
IL,0.0,0.0
IL,0.0,0.0
IL,-110.295854,31.968011
IL,-110.295854,31.968011
NY,0.0,0.0
NY,-78.060687,42.25444
TX,-97.62632,32.731209
WY,0.0,0.0
MD,0.0,0.0
PA,-79.726535,40.170562
IN,-85.282137,39.851963
ND,-104.009387,46.929677
IA,-91.227527,41.661551
MI,-83.40453,41.863572
MI,-83.40453,41.863572
MI,-83.40453,41.863572
MI,-83.40453,41.863572
TX,-102.08332,31.97087
ID,-115.663272,43.142081
ID,-115.663272,43.142081
CO,-104.792958,37.654494
AL,-86.164334,33.589759
TX,-94.13639302365482,30.083695999346673
MN,-94.647111,46.340344
MT,-111.599331,45.916714
KS,-119.263645,39.614255
KS,-97.324483,38.034901
IL,-90.332243,41.18045
IL,-90.332243,41.18045
GA,-83.462894,34.253081
TX,-102.432893,31.811531
ID,0.0,0.0
NJ,-74.713082,40.123422
IL,-89.387512,38.874183
IL,-89.387512,38.874183
IL,-89.387512,38.874183
IL,-89.387512,38.874183
IL,-89.387512,38.874183
IL,-89.387512,38.874183
OH,0.0,0.0
IN,-86.802836,39.532661
OH,-82.65873,41.402249
FL,0.0,0.0
UT,-110.148456,38.996294
TN,-83.778114,35.998219
LA,-90.487846,30.102213
KY,-84.10776,36.975448
AL,0.0,0.0
VA,0.0,0.0
WI,-89.788658,44.40675
MI,-84.955983,42.272399
WI,-92.195855,44.935141
MT,-112.508492,45.983083
MD,0.0,0.0
NJ,0.0,0.0
MO,-90.403785,38.291088
IA,-92.423231,40.994817
MO,0.0,0.0
MO,-95.557837,40.40571
MO,-94.176694,39.853439
MO,0.0,0.0
AZ,-111.651702,35.198173
MS,0.0,0.0
MO,-91.526768,39.91679
WV,-80.117857,39.467325
MS,0.0,0.0
IN,-86.35365,39.947317
IA,-92.008092,41.687039
MO,-95.556926,40.40419
MO,-91.401876,38.058531
OH,0.0,0.0
MS,-88.773326,34.298882
KY,-86.074155,39.701586
IN,-87.310767,41.537222
PA,-78.257785,39.985625
NC,-78.14716,35.58198
WI,-89.471386,43.416884
ID,-111.297157,42.320196
AL,-87.422069,30.577401
KS,-96.787402,39.029561
NC,-78.576005,35.317763
IA,-91.16721,41.647151
LA,-92.593506,30.48053
MO,-93.926077,36.899664
MD,-75.863275,39.642081
KS,-99.888186,39.838768
WI,-89.067489,42.885653
MO,-90.387376,38.534953
NC,-82.753643,35.54315
KS,-94.812948,38.858474
LA,0.0,0.0
KS,-98.71563,37.64658
NJ,0.0,0.0
WA,0.0,0.0
WA,0.0,0.0
WA,0.0,0.0
KY,-88.128879,30.687738
VA,-79.37204,37.83825
OH,0.0,0.0
GA,-85.285899,33.737007
MN,-99.238396,28.452608
OH,-83.107241,41.398871
IA,-96.17432,42.7889
GA,0.0,0.0
PA,-76.436249,40.24116
UT,-111.834716,39.687072
AZ,-109.242077,32.27205
VA,-80.898755,36.919543
KS,0.0,0.0
AZ,-111.516564,32.725439
AZ,0.0,0.0
AZ,-114.070419,35.192515
IL,-87.996,40.753
IL,-87.996,40.753
KY,-86.844076,37.368317
KS,0.0,0.0
KY,-86.499788,37.415232
LA,-93.903275,32.446247
ID,0.0,0.0
KY,-119.263645,39.614255
FL,0.0,0.0
OR,-123.061418,44.365569
FL,-82.00916,26.89382
FL,-82.00916,26.89382
KY,0.0,0.0
MD,0.0,0.0
MO,-89.60073,36.518836
CO,-103.709343,39.270011
NC,-80.742334,36.508918
IL,0.0,0.0
IL,0.0,0.0
IL,0.0,0.0
IL,0.0,0.0
IL,0.0,0.0
AR,-93.184242,33.999541
MO,-92.399477,38.970813
MO,-92.255157,37.131122
LA,-90.45639,30.48379
NE,-97.321384,41.437968
SC,-81.042783,34.009639
LA,-93.129748,30.239141
KY,-88.67524,37.080891
OH,-81.429345,40.878074
ND,-101.008703,46.860409
TX,-96.471741,32.20068
LA,0.0,0.0
WA,-120.493536,46.617408
IN,0.0,0.0
LA,0.0,0.0
KY,-85.069583,38.151566
TX,-98.113808,28.327124
MA,-105.478322,44.290838
TN,-85.479294,36.135014
NC,0.0,0.0
MN,-91.438551,43.923894
IL,-88.95258,38.313745
IL,-88.95258,38.313745
IL,-88.95258,38.313745
GA,-83.474366,33.551988
SD,-101.483678,43.853084
MI,-86.412839,42.090464
MI,-85.505418,43.742712
MI,-85.505418,43.742712
MI,-85.505418,43.742712
TX,-102.506573,36.05511
MD,-76.64536,39.28606
WI,-91.854064,44.907417
MI,-122.99016,45.51721
MI,0.0,0.0
MI,0.0,0.0
MI,0.0,0.0
MI,0.0,0.0
MI,0.0,0.0
GA,-83.218989,30.680712
MI,-84.222343,42.836073
MI,-84.222343,42.836073
MI,0.0,0.0
WI,0.0,0.0
MI,-86.604177,41.885173
MI,-86.604177,41.885173
PA,-107.084078,41.773439
NC,0.0,0.0
MN,-93.573293,43.665687
VA,-80.954212,36.944965
OR,-122.806166,45.237096
SC,-81.057302,32.313885
MI,-84.959549,42.271735
MI,-84.959549,42.271735
MI,-84.959549,42.271735
IL,-87.7549,41.4258
IL,-87.7549,41.4258
IL,-87.7549,41.4258
MN,-93.299793,44.320725
MN,0.0,0.0
MN,-96.28058,46.479316
MN,0.0,0.0
MN,-93.47059423103929,44.80035278946161
MN,-92.068568,43.952163
VA,-78.910354,38.40437
NJ,0.0,0.0
MO,0.0,0.0
WI,0.0,0.0
SD,-103.272947,44.113323
TX,0.0,0.0
IL,-89.538451,38.443948
TX,0.0,0.0
SD,0.0,0.0
FL,-83.571906,30.086855
LA,-92.03883,30.252253
VA,0.0,0.0
VA,-77.875781,37.358209
WY,0.0,0.0
AR,0.0,0.0
AR,0.0,0.0
NM,-104.522539,33.399331
MO,-93.553337,39.81677
TX,-94.647259,29.840758
IL,-89.018673,40.48417
IL,-89.018673,40.48417
IL,-89.018673,40.48417
IL,-89.018673,40.48417
IL,-89.018673,40.48417
MO,-94.501522,37.840337
NE,0.0,0.0
VA,0.0,0.0
MO,-91.01738,39.2327
CO,-104.980458,40.160151
KS,0.0,0.0
KS,0.0,0.0
OH,-84.58168,40.652961
MO,-91.381922,39.695373
FL,0.0,0.0
MO,0.0,0.0
MO,-91.9443,38.861
NE,-99.379818,40.690184
OH,0.0,0.0
NE,-102.949307,41.118558
OR,-117.322413,44.436025
AR,0.0,0.0
VA,-81.85774,36.75943
AL,-88.335714,30.497809
IA,0.0,0.0
IA,0.0,0.0
MO,-94.197273,39.019971
MO,-94.324942,37.83508
MI,-85.151679,42.869728
MI,-85.151679,42.869728
MI,-83.875603,42.30073
MI,-83.875603,42.30073
MI,-83.875603,42.30073
MI,-83.875603,42.30073
PA,0.0,0.0
LA,0.0,0.0
TN,-85.311275,35.029222
AL,-85.506042,33.646698
MO,-93.222597,37.069975
VA,0.0,0.0
PA,-79.97611,41.197317
WI,-89.539462,43.523029
MO,-90.405675,38.287014
WI,-88.198383,43.282174
NY,-73.825318,42.396075
NM,0.0,0.0
ND,0.0,0.0
TX,-106.586165,31.99662
MO,0.0,0.0
TX,0.0,0.0
OH,0.0,0.0
MO,-92.407214,37.770947
MO,-90.948821,38.816845
MO,0.0,0.0
LA,-91.83246,30.312519
OH,-119.263645,39.614255
MO,-94.803356,39.784244
TX,-97.176815,33.262422
WA,-121.654509,47.440193
WA,-121.654509,47.440193
WA,-121.654509,47.440193
IN,0.0,0.0
KY,-84.161957,38.015304
OH,0.0,0.0
NM,-107.900126,35.182666
MO,0.0,0.0
IA,0.0,0.0
VA,0.0,0.0
MO,-90.624715,38.77501
KY,-85.348099,38.210304
AR,-92.828178,34.393746
FL,0.0,0.0
MO,-91.430848,39.929936
OK,0.0,0.0
OK,-97.34382,36.93994
TN,-84.237011,35.87362
TX,0.0,0.0
FL,0.0,0.0
WY,-107.310958,41.777828
MN,0.0,0.0
AZ,-114.523475,33.602133
MS,-89.933079,34.309657
TX,0.0,0.0
IL,-88.509494,42.144757
IL,-88.509494,42.144757
IL,-88.509494,42.144757
IL,-88.509494,42.144757
IL,-88.509494,42.144757
NV,-116.945012,40.649645
TX,-101.972833,35.847745
IN,0.0,0.0
IN,0.0,0.0
MS,-89.106091,30.433688
IA,-94.202285,42.485669
KY,0.0,0.0
MS,-89.167852,31.693222
MS,-89.116041,31.698335
ND,-99.990745,48.804094
OK,-99.5944,35.3409
OR,-118.042583,45.297472
MS,-90.171296,32.274681
TX,-97.812438,28.114072
MO,-95.185857,39.981504
UT,-114.037577,40.737177
MT,-112.50926,45.98393
MI,-86.066425,42.738273
MT,-108.917219,45.633966
WY,0.0,0.0
MO,0.0,0.0
TX,-97.151381,33.661434
WA,0.0,0.0
TN,-82.834866,36.325686
MT,-110.599255,45.653362
MD,-77.784577,39.630952
MT,0.0,0.0
MT,-112.50926,45.98393
AZ,-111.822032,35.238602
MD,-76.627926,39.102317
NC,-80.884909,35.273805
NC,-79.354106,36.072103
GA,0.0,0.0
OR,-117.726797,44.707717
CO,0.0,0.0
FL,0.0,0.0
IN,0.0,0.0
MD,-75.798005,39.643808
IL,0.0,0.0
IL,0.0,0.0
TN,-86.829247,35.860043
NC,-80.515204,35.967578
SD,0.0,0.0
NE,-96.493278,41.472681
AL,-86.863388,34.115854
MA,-72.619512,42.444955
ND,0.0,0.0
ND,-96.839556,46.825495
ND,-97.032371,47.924141
CO,-104.976562,40.16212
MO,-93.97437,40.46529
MN,0.0,0.0
ND,0.0,0.0
LA,-91.436151,30.41661
AR,-92.129461,34.781034
NY,-73.538688,44.28175
NY,-73.538688,44.28175
SC,-80.647991,33.082285
PA,0.0,0.0
VA,-77.429937,37.530292
NE,0.0,0.0
TX,-106.586165,31.99662
NM,-107.758773,32.268531
MA,-71.715094,42.250166
NE,-99.737216,40.740852
WY,-105.346506,42.738391
NV,-119.736228,39.535512
NE,-97.4258,42.0921
AR,-92.683075,34.535696
WV,-80.567228,40.069567
PA,-77.009696,40.40554
WV,0.0,0.0
CO,-108.341178,39.118896
NE,-100.549965,42.867554
NE,-96.92343,41.991603
NH,-70.787976,43.068265
AL,-85.717111,32.463957
OR,-119.324927,45.918107
PA,-76.7181,40.3533
OR,-118.682919,45.643399
NJ,-74.157918,41.096038
WY,-110.977972,41.264331
WY,-105.550247,41.307562
WY,-109.85952,41.544415
NJ,-74.211703,40.644385
WI,-88.328338,43.781671
WI,-92.678732,44.966328
WI,-88.18462,43.251873
WI,0.0,0.0
WI,-88.312252,44.296362
WI,0.0,0.0
WI,-89.73107,43.009447
WV,-81.931135,38.457334
WA,-122.483081,48.231143
WA,-122.483081,48.231143
WA,0.0,0.0
WA,0.0,0.0
WA,0.0,0.0
WA,-122.891542,46.416691
WA,-117.168511,46.731152
WA,-117.168511,46.731152
WA,-117.168511,46.731152
WA,-117.168511,46.731152
WA,-117.168511,46.731152
VA,0.0,0.0
VA,-77.495777,37.767978
VA,-76.421455,36.783539
VA,-79.2347,37.9297
IA,-95.601917,41.451832
UT,-112.641821,38.288189
UT,-111.78713,40.713326
UT,0.0,0.0
TX,-101.7589,35.1914
TX,-104.502468,31.063496
NM,-108.168383,36.718996
TX,-100.865496,32.704819
TX,-100.4435,32.4508
TX,-101.84691304340959,33.613534988835454
TX,-101.490409,32.265885
TX,-105.357679,31.175059
TX,-97.93641071766615,29.87091945949942
TN,-86.64967,36.03981
TN,0.0,0.0
TN,-89.055832,35.595721
NM,-106.06005110777915,35.00802035909146
TN,-86.879183,35.016946
SD,-98.3949,45.4581
SD,0.0,0.0
SD,-103.149374,44.102922
SD,-96.712131,43.604028
SC,-80.242262,33.704494
PA,-75.142421,40.990603
PA,-76.724977,40.355147
PA,-114.955451,41.101073
PA,-76.362175,41.038232
PA,-102.949307,41.118558
PA,-76.339729,40.463352
PA,-79.100329,41.172535
PA,-78.233241,40.001635
NV,0.0,0.0
PA,-98.400625,40.911208
PA,-77.531272,41.01534
PA,-79.976505,41.199054
OR,-122.669926,45.597393
OR,-122.396408,45.54369
OK,-97.662919,35.45985
OK,-99.405477,35.41164
OH,-83.369862,39.959185
OH,-80.770574,41.122594
OH,-80.57049,41.179342
OH,-83.463323,41.525841
NY,-76.195532,42.083451
NY,-76.195532,42.083451
OH,-84.628454,39.839852
NY,0.0,0.0
NY,0.0,0.0
OH,-82.534146,39.939918
OH,-80.668396,41.877128
OH,-83.603833,39.61677
ND,-98.681668,46.893195
ND,-97.71271,46.92014
NC,0.0,0.0
NY,-76.975919,42.951474
NY,-76.975919,42.951474
NC,-80.517501,35.608991
NY,-73.428029,42.361043
NY,-73.428029,42.361043
NY,0.0,0.0
NY,0.0,0.0
NY,-74.362933,42.949094
NY,-76.381219,42.026096
NY,-76.381219,42.026096
NY,0.0,0.0
NY,0.0,0.0
NM,0.0,0.0
NM,-103.144546,34.394514
NM,-106.811343,32.29836
NM,0.0,0.0
NM,0.0,0.0
NM,-108.825976,35.506251
NM,-107.4188,32.2422
NM,-106.812713,35.058355
NJ,0.0,0.0
NJ,-75.090936,40.927923
NJ,-75.240754,39.819822
NJ,0.0,0.0
NV,-115.16095,36.160455
NV,-115.186567,36.101779
NE,-102.070721,41.051414
NE,-98.379613,40.816951
NE,0.0,0.0
NE,-101.711723,41.113634
NE,-102.949307,41.118558
NE,0.0,0.0
NY,-73.668843,43.251845
NY,-73.668843,43.251845
MT,0.0,0.0
NY,0.0,0.0
MT,-114.038973,46.906718
MT,-108.775057,45.668641
MO,-93.113324,37.272692
MO,-94.129773,39.017503
MO,-89.534038,36.75827
MO,-92.32165,38.96362
MO,-92.671242,37.649516
MS,-89.867917,33.967238
OH,-81.054319,40.06182
MS,-88.637829,32.38323
MN,0.0,0.0
MN,-93.356382,43.686517
MI,-84.977588,42.054101
MI,-84.977588,42.054101
MI,-84.977588,42.054101
OH,-82.759415,38.56631
MI,-83.239307,42.138081
MI,-83.239307,42.138081
MI,-83.239307,42.138081
MI,-83.239307,42.138081
MI,-83.239307,42.138081
MI,-86.599567,41.883944
MI,-86.599567,41.883944
MI,-85.189169,42.316637
MI,-85.189169,42.316637
MI,-85.189169,42.316637
MI,-85.189169,42.316637
MA,-71.302535,42.046868
MA,-70.988883,42.53521
ME,-68.785819,44.81645
ME,-70.709561,43.135821
LA,-89.750546,30.287436
LA,0.0,0.0
OH,-114.955526,41.100896
KY,-86.371632,37.003711
KY,-85.884764,37.521664
KY,0.0,0.0
KY,-86.554264,36.660014
KY,-84.644282,38.999479
KS,0.0,0.0
KS,0.0,0.0
OH,-81.46492,39.41822
OH,0.0,0.0
IA,0.0,0.0
IA,0.0,0.0
OH,0.0,0.0
IA,-96.373252,42.435264
IA,-96.459053,42.493783
IA,-90.778628,41.617874
OH,0.0,0.0
IA,0.0,0.0
IA,0.0,0.0
IN,-85.55256,40.27714
IN,-87.226285,40.940613
IN,-86.50729,41.371667
IN,-86.128308,40.778988
IN,0.0,0.0
IN,-87.178657,39.450669
IN,-86.479963,39.613614
IN,0.0,0.0
IN,0.0,0.0
IN,-85.326021,39.31887
IL,-88.568209,39.121233
IL,-88.568209,39.121233
IL,-88.568209,39.121233
IL,-88.568209,39.121233
IL,-88.422807,41.376918
IL,-88.957941,37.74072
IL,-88.965106,37.739907
IL,0.0,0.0
IL,0.0,0.0
IL,0.0,0.0
IL,0.0,0.0
IL,-89.0345,40.4878
IL,-89.0345,40.4878
ID,-116.199579,43.566007
AL,-88.125449,30.691373
AL,-85.223766,32.809745
GA,-84.387623,33.61877
GA,-84.910941,34.377164
GA,-85.031331,32.986089
MI,-84.345979,46.499499
FL,-82.09515,28.874067
FL,-81.979251,30.302846
FL,0.0,0.0
CT,-72.907762,41.301078
CT,-73.078776,41.221934
CT,-71.799514,41.440116
CT,-71.799514,41.440116
CO,-104.571097,39.739499
CO,-105.06273,39.783433
CO,-103.622642,40.271092
OK,0.0,0.0
OK,0.0,0.0
AZ,-110.089676,34.974138
AZ,-110.089676,34.974138
AZ,-109.2214,32.2647
OK,0.0,0.0
AZ,-109.84612,32.26549
OK,-98.870911,35.518677
OK,0.0,0.0
AL,0.0,0.0
AL,0.0,0.0
AL,-87.479251,33.173226
AL,-87.479251,33.173226
OK,-99.869761,35.223968
AZ,-99.640744,35.265307
FL,0.0,0.0
FL,0.0,0.0
KY,-84.114639,37.147618
MO,-90.907334,38.440854
MO,-91.228021,38.840305
MT,-104.735907,47.107675
NE,-97.598766,40.829168
OH,-83.41785,41.342375
OH,-81.694981,40.7954
TX,-101.723205,35.194274
TX,-101.796938,34.528923
OK,-95.149265,35.48604
WY,-110.977972,41.264331
WY,0.0,0.0
GA,0.0,0.0
GA,-81.685773,30.897061
KY,-85.703086,38.060873
MN,0.0,0.0
NM,-103.045692,34.388278
NV,0.0,0.0
OH,-84.809723,39.835576
TN,-86.045371,35.45585
WI,0.0,0.0
WY,0.0,0.0
OK,-97.436685,35.594066
OK,-97.265749,34.738746
OK,-102.011289,35.187837
VA,-79.862651,36.601275
UT,-111.834993,39.716601
TX,-102.30203,31.864732
OK,0.0,0.0
OK,-95.148721,35.486391
NE,-98.587235,40.760258
PA,0.0,0.0
ME,-70.153931,44.635677
PA,0.0,0.0
PA,0.0,0.0
PA,-75.312191,41.343208
PA,-75.684273,41.786531
PA,-76.181792,40.019706
PA,-80.056407,39.73374
SC,-79.534212,34.339744
PA,0.0,0.0
OH,-84.63031,39.831644
OH,-82.537225,39.945568
OH,-83.646488,41.173042
NJ,0.0,0.0
PA,0.0,0.0
MO,-91.939955,38.940599
SC,-81.076692,33.930026
KS,-95.721438,38.489631
IN,-87.095591,41.612828
IN,-87.249244,41.58046
SC,-81.817345,35.047688
GA,-84.903464,33.721139
GA,-84.952688,33.720242
SC,-81.944256,33.531774
SC,-81.031871,34.743796
WV,-81.931135,38.457334
SC,-81.10361,34.023479
WI,0.0,0.0
WI,-89.887348,43.713917
SD,0.0,0.0
SD,-98.957273,43.737927
TX,-96.58955,33.345414
SC,-79.702003,34.266612
SD,0.0,0.0
TN,-99.640744,35.265307
OH,0.0,0.0
OH,0.0,0.0
NC,-80.134677,35.840673
SD,0.0,0.0
SD,0.0,0.0
NY,-76.118784,43.465664
NV,-118.056834,40.692359
NE,0.0,0.0
MO,-94.867504,39.727887
MS,0.0,0.0
TN,-84.046086,35.928064
MI,-83.740207,42.281418
MI,-83.740207,42.281418
MI,-83.740207,42.281418
MI,-83.740207,42.281418
TN,-83.808609,36.046976
ME,-68.691924,45.657867
TN,0.0,0.0
KS,-95.170214,37.921302
KS,-96.057675,39.058789
IA,0.0,0.0
IN,-114.236785,33.661632
IN,-114.236785,33.661632
IN,-85.774125,38.666847
IN,-119.263645,39.614255
IN,-119.263645,39.614255
FL,-80.633981,27.997853
AZ,-93.813986,30.114343
AL,0.0,0.0
VA,-77.467435,37.939009
TX,-96.182169,31.72678
NY,-77.720164,42.566447
NJ,-74.173785,41.075046
TN,-88.615521,35.180824
IA,-114.315417,34.723703
GA,0.0,0.0
KS,-96.19934,38.405367
GA,-81.192016,32.115509
TN,-101.58368406817317,35.22043698001653
TN,-86.771911,36.205447
VT,-73.265322,43.592354
UT,-110.688139,39.543078
IN,-86.603691,41.072701
VA,-81.140511,37.177681
VA,-77.500149,38.243501
MT,0.0,0.0
IL,0.0,0.0
IN,-85.412398,39.851196
IN,0.0,0.0
AL,0.0,0.0
AR,0.0,0.0
AR,-91.665575,34.535262
CA,0.0,0.0
GA,0.0,0.0
GA,0.0,0.0
GA,0.0,0.0
IA,-92.907966,42.05757
ID,-116.612878,43.611652
IL,0.0,0.0
IN,-84.93034,42.279862
IN,-85.773468,38.492033
IN,-85.773468,38.492033
KS,0.0,0.0
KS,-99.063777,39.444525
KY,-86.523765,36.717037
KY,-88.691173,37.097495
KY,-84.168028,36.7221
LA,-101.476428,32.266019
LA,0.0,0.0
MI,-85.672955,42.779637
MI,-85.672955,42.779637
MI,-84.590951,42.807818
MI,-84.590951,42.807818
MI,0.0,0.0
MI,-83.933684,43.565299
MO,-90.400637,38.254088
MS,0.0,0.0
MS,0.0,0.0
NC,-78.165112,35.566769
NC,-80.863883,35.637128
ND,-99.91936,47.74607
NE,-102.142824,41.033419
NE,-97.427497,42.007751
NE,-96.254728,41.091716
NH,0.0,0.0
NJ,-75.482888,39.68503
NM,-106.921699,32.269446
NM,-108.73557,32.353872
NV,-115.129016,36.218776
NV,0.0,0.0
NY,-77.42813,42.37449
NY,0.0,0.0
OH,-117.748055,40.960556
OH,-82.880993,41.509035
OH,-119.263645,39.614255
OK,-98.401648,34.71385
OK,-97.499256,35.183679
OR,-118.0689,45.3331
PA,-76.08006,41.027221
PA,-79.782769,42.232161
PA,-75.201087,41.362597
SC,-82.108116,34.915942
TN,-87.121201,36.073589
TX,0.0,0.0
TX,0.0,0.0
TX,-97.179456,33.263072
TX,-95.236687,33.163347
TX,0.0,0.0
TX,0.0,0.0
TX,0.0,0.0
WI,-90.8305,44.2937
WI,-88.85081,44.25972
WV,0.0,0.0
AB,-114.004072,51.009581
AB,-114.004072,51.009581
AB,-114.004072,51.009581
AB,-114.004072,51.009581
AB,-114.004072,51.009581
AB,-114.004072,51.009581
MI,-82.764961,42.98507
MI,-82.764961,42.98507
MI,-82.764961,42.98507
WA,-122.82721,45.984587
AL,-88.205442,30.559182
